Year,Month,Fieldwork,Date,Polling,Publisher,Con,,Lab,,LD,,Con lead,,,,Leader:,Con good,Con bad,Con net,Lab good,Lab bad,Lab net,LD good,LD bad,LD net,Question,Con Best PM,Lab Best PM,LD Best PM,Question,Govt good,Govt bad,Govt net,Question
1997,May,10/5-4/6,,G9000,DT,23.3,-7.7,56.9,6.9,14.7,2.1,-33.6,-14.6,,,,,,,,,,,,,,26.6,36.7,14.0,,76.0,13.1,62.9,Are you satisfied or dissatisfied with the Government's record to date?
,May,29-4,5,Gallup,DT,23.0,-10.0,59.0,13.0,13.0,-3.0,-36.0,-23.0,,Only ICM of the major pollsters regularly used,,,,,,,,,,,,,,,,,,,
,Jun,6-7,10,ICM,GU,23.0,-10.0,62.0,19.0,14.0,-4.0,-39.0,-29.0,,a prompted voting intention question,,,,,,,,,,,,,,,,,,,
,Jun,27-28,1,ICM,GU,23.0,0.0,61.0,-1.0,12.0,-2.0,-38.0,1.0,,(ie named Lib Dems) in this Parliament - hence LD rating higher,,,,,,,,,,,,,,,,,,,
,Jun,20-23,26,MORI,TT,24.0,-5.0,58.0,12.0,15.0,-4.0,-34.0,-17.0,,,,,,,,,,,,,,,,,,,,,
,Jun,6/6-3/7,,G9000,DT,24.2,0.9,60.4,3.5,11.5,-3.5,-36.2,-2.6,,,,,,,,,,,,,,10.1,62.2,13.4,,71.7,13.3,58.4,Are you satisfied or dissatisfied with the Government's record to date?
,Jul,2-3,5,Gallup,DT,23.0,0.0,61.0,2.0,13.0,0.0,-38.0,-2.0,,,,,,,,,,,,,,,,,,,,,
,Jul,25-28,31,MORI,TT,23.0,-1.0,57.0,-1.0,15.0,0.0,-34.0,0.0,,,,,,,,,,,,,,,,,,,,,
,Jul,31-6,,Gallup,DT,25.0,2.0,58.0,-3.0,12.0,-1.0,-33.0,5.0,,,,,,,,,,,,,,,,,,,,,
,Jul,7/7-6/8,,G9000,DT,25.3,1.1,58.5,-1.9,12.0,0.5,-33.2,3.0,,,,,,,,,,,,,,10.5,60.7,14.9,,67.6,21.8,45.8,Are you satisfied or dissatisfied with the Government's record to date?
,Aug,8-9,12,ICM,GU,29.0,6.0,55.0,-6.0,12.0,0.0,-26.0,12.0,,,,,,,,,,,,,,,,,,,,,
,Aug,21-25,28,MORI,TT,28.0,5.0,54.0,-3.0,15.0,0.0,-26.0,8.0,,,,,,,,,,,,,,,,,,,,,
,Aug,27-3,12,Gallup,DT,26.0,1.0,58.0,0.0,12.0,0.0,-32.0,1.0,,,,,,,,,,,,,,,,,,,,,
,Aug,6/8-3/9,,G9000,DT,26.8,1.5,57.6,-0.9,11.4,-0.6,-30.8,2.4,,,,,,,,,,,,,,11.4,58.7,15.0,,63.4,27.0,36.4,Are you satisfied or dissatisfied with the Government's record to date?
,Sep,4-8,10,ICM,GU,24.0,-5.0,60.0,5.0,10.0,-2.0,-36.0,-10.0,,,,,,,,,,,,,,,,,,,,,
,Sep,25-1,6,Gallup,DT,22.0,-4.0,60.0,2.0,14.0,2.0,-38.0,-6.0,,,,,,,,,,,,,,,,,,,,,
,Sep,26-29,2,MORI,TT,25.0,-3.0,59.0,5.0,13.0,-2.0,-34.0,-8.0,,,,,,,,,,,,,,,,,,,,,
,Sep,4/9-1/10,,G9000,DT,23.1,-3.7,62.0,4.4,11.0,-0.4,-38.9,-8.1,,,,,,,83.0,,,,,,,12.2,63.4,13.2,,71.1,17.5,53.6,Are you satisfied or dissatisfied with the Government's record to date?
,Oct,6,8,ICM,GU,23.0,-3.0,59.0,1.0,13.0,3.0,-36.0,-4.0,,,,,,,,,,,,,,,,,,,,,
,Oct,24-27,29,MORI,TT,24.0,-1.0,60.0,1.0,12.0,-1.0,-36.0,-2.0,,,,,,,,,,,,,,,,,,,,,
,Oct,30-4,7,Gallup,DT,23.0,1.0,63.0,3.0,11.0,-3.0,-40.0,-2.0,,,,,,,,,,,,,,,,,,,,,
,Oct,2/10-4/44,,G9000,DT,23.2,0.1,63.2,1.2,9.7,-1.3,-40.0,-1.1,,,,25.0,58.0,-33.0,78.0,,,,,,,8.3,66.8,11.1,,69.6,19.9,49.7,Are you satisfied or dissatisfied with the Government's record to date?
,Nov,7-8,12,ICM,GU,30.0,7.0,52.0,-7.0,14.0,1.0,-22.0,14.0,,,,,,,,,,,,,,,,,,,,,
,Nov,13-14,17,MORI,Sun,30.0,,56.0,,11.0,,-26.0,,Phone,,,,,,,,,,,,,,,,,,,,
,Nov,21-24,27,MORI,TT,24.0,0.0,56.0,-4.0,16.0,4.0,-32.0,4.0,,,,,,,,,,,,,,,,,,,,,
,Nov,27-3,5,Gallup,DT,21.0,-2.0,57.0,-6.0,17.0,6.0,-36.0,4.0,,,,,,,,,,,,,,,,,,,,,
,Nov,5/11-3/12,,G9000,DT,23.6,0.4,58.6,-4.6,13.0,3.3,-35.0,5.0,,,,24.0,,,74.0,,,79.0,,,,8.2,60.1,15.4,,61.0,27.4,33.6,Are you satisfied or dissatisfied with the Government's record to date?
,Dec,5-6,9,ICM,GU,29.0,-1.0,50.0,-2.0,17.0,3.0,-21.0,1.0,,,,,,,,,,,,,,,,,,,,,
,Dec,17,21,NOP,ST,28.0,,48.0,,,,-20.0,,,,,,,,,,,,,,,,,,,,,,
,Dec,12-15,18,MORI,TT,26.0,2.0,55.0,-1.0,15.0,-1.0,-29.0,3.0,,,,,,,,,,,,,,,,,,,,,
,Dec,3-16,,G9000,DT,24.6,1.0,56.6,-2.0,13.8,0.8,-32.0,3.0,,,,,,,,,,,,,,8.4,58.6,16.0,,54.3,35.6,18.7,Are you satisfied or dissatisfied with the Government's record to date?
1998,Jan,5-7,9,Gallup,DT,26.0,5.0,56.0,1.0,12.0,-5.0,-30.0,6.0,,,,,,,,,,,,,,,,,,,,,
,Jan,9-11,13,ICM,GU,30.0,1.0,48.0,-2.0,17.0,0.0,-18.0,3.0,,,,,,,,,,,,,,,,,,,,,
,Jan,23-26,29,MORI,TT,28.0,2.0,54.0,-1.0,14.0,-1.0,-26.0,3.0,,,,,,,,,,,,,,,,,,,,,
,Jan,28-4,6,Gallup,DT,29.0,3.0,54.0,-2.0,11.0,-1.0,-25.0,5.0,,,,,,,,,,,,,,,,,,,,,
,Jan,5-28,,G9000,DT,26.8,2.2,54.9,-1.7,13.1,-0.7,-28.1,3.9,,,,31.0,55.0,-24.0,66.0,31.0,35.0,,,,,10.7,55.7,19.4,,52.5,37.6,14.9,Are you satisfied or dissatisfied with the Government's record to date?
,Feb,6-8,10,ICM,GU,31.0,1.0,47.0,-1.0,18.0,1.0,-16.0,2.0,,,,,,,,,,,,,,,,,,,,,
,Feb,20-23,26,MORI,TT,28.0,0.0,52.0,-2.0,15.0,1.0,-24.0,2.0,,,,,,,,,,,,,,,,,,,,,
,Feb,26-4,6,Gallup,DT,29.0,0.0,51.0,-3.0,14.0,3.0,-22.0,3.0,,,,,,,,,,,,,,,,,,,,,
,Feb,28/1-23/2,,G9000,DT,28.1,1.3,54.4,-0.5,12.9,-0.2,-26.3,1.8,,,,31.0,50.0,-19.0,62.0,32.0,30.0,,,,,11.4,55.1,18.9,,52.4,38.5,13.9,Are you satisfied or dissatisfied with the Government's record to date?
,Mar,6-8,10,ICM,GU,33.0,2.0,46.0,-1.0,17.0,-1.0,-13.0,3.0,,,,,,,,,,,,,,,,,,,,,
,Mar,20-23,26,MORI,TT,28.0,0.0,53.0,1.0,14.0,-1.0,-25.0,-1.0,,,,,,,,,,,,,,,,,,,,,
,Mar,26-1,3,Gallup,DT,26.0,-3.0,54.0,3.0,16.0,2.0,-28.0,-6.0,,,,,,,,,,,,,,,,,,,,,
,Mar,26/2-24/3,,G9000,DT,29.3,1.2,51.1,-3.3,14.0,1.1,-21.8,4.5,,,,38.0,49.0,-11.0,69.0,27.0,42.0,,,,,12.9,50.9,20.0,,46.8,40.9,5.9,Are you satisfied or dissatisfied with the Government's record to date?
,Apr,3-5,8,ICM,GU,31.0,-2.0,48.0,2.0,16.0,-1.0,-17.0,-4.0,,,,,,,,,,,,,,,,,,,,,
,Apr,20-23,26,ICM,OB,29.0,-2.0,52.0,4.0,16.0,0.0,-23.0,-6.0,,,,,,,,,,,,,,,,,,,,,
,Apr,23-29,1,Gallup,DT,25.0,-1.0,54.0,0.0,16.0,0.0,-29.0,-1.0,,,,,,,,,,,,,,,,,,,,,
,Apr,24-26,29,MORI,Sun,30.0,,54.0,,13.0,,-24.0,,Phone,,,,,,,,,,,,,,,,,,,,
,Apr,24-27,30,MORI,TT,27.0,-1.0,55.0,2.0,14.0,0.0,-28.0,-3.0,,,,,,,,,,,,,,,,,,,,,
,Apr,26/3-22/4,,G9000,DT,26.5,-2.8,53.8,2.7,15.3,1.3,-27.3,-5.5,,,,29.0,56.0,-27.0,72.0,25.0,47.0,,,,,12.0,55.0,17.4,,54.9,34.0,20.9,Are you satisfied or dissatisfied with the Government's record to date?
,May,13-14,17,ICM,OB,25.0,-4.0,47.0,-5.0,15.0,-1.0,-22.0,1.0,,,,,,,,,,,,,,,,,,,,,
,May,15-19,20,ICM,GU,29.0,4.0,50.0,3.0,16.0,1.0,-21.0,1.0,,,,,,,,,,,,,,,,,,,,,
,May,21-24,28,MORI,TT,26.0,-1.0,55.0,0.0,14.0,0.0,-29.0,-1.0,,,,,,,,,,,,,,,,,,,,,
,May,28-3,5,Gallup,DT,28.0,3.0,54.0,0.0,12.0,-4.0,-26.0,3.0,,,,,,,,,,,,,,,,,,,,,
,May,23/4-28/6,,G9000,DT,25.9,-0.6,55.2,1.4,13.8,-1.5,-29.3,-2.0,,,,33.0,52.0,-19.0,70.0,26.0,44.0,,,,,10.5,59.5,15.9,,61.2,29.0,32.2,Are you satisfied or dissatisfied with the Government's record to date?
,Jun,5-6,9,ICM,GU,29.0,0.0,51.0,1.0,16.0,0.0,-22.0,-1.0,,,,,,,,,,,,,,,,,,,,,
,Jun,24-26,29,MORI,Sun,28.0,-2.0,51.0,-3.0,15.0,2.0,-23.0,1.0,Phone,,,,,,,,,,,,,,,,,,,,
,Jun,25-30,2,MORI,TT,27.0,1.0,56.0,1.0,13.0,-1.0,-29.0,0.0,,,,,,,,,,,,,,,,,,,,,
,Jun,25-1,3,Gallup,DT,28.0,0.0,52.0,-2.0,14.0,2.0,-24.0,2.0,,,,,,,,,,,,,,,,,,,,,
,Jun,28/5-25/6,,G9000,DT,27.1,1.2,54.1,-1.1,12.8,-1.0,-27.0,2.3,,,,29.0,58.0,-29.0,68.0,28.0,40.0,,,,,12.2,58.6,15.3,,54.8,36.9,17.9,Are you satisfied or dissatisfied with the Government's record to date?
,Jul,3-4,7,ICM,GU,27.0,-2.0,52.0,1.0,17.0,1.0,-25.0,-3.0,,,,,,,,,,,,,,,,,,,,,
,Jul,17-21,23,MORI,TT,28.0,1.0,53.0,-3.0,14.0,0.0,-25.0,4.0,,,,,,,,,,,,,,,,,,,,,
,Jul,25/6-29/7,,G9000,DT,27.8,0.7,53.9,-0.2,12.7,-0.1,-26.1,0.9,,,,29.0,57.0,-28.0,,,,,,,,11.7,56.6,17.9,,55.0,36.9,18.1,Are you satisfied or dissatisfied with the Government's record to date?
,Aug,30-5,7,Gallup,DT,28.0,0.0,53.0,1.0,13.0,-1.0,-25.0,-1.0,,,,,,,,,,,,,,,,,,,,,
,Aug,7-9,15,ICM,GU,31.0,4.0,47.0,-5.0,17.0,0.0,-16.0,9.0,,,,,,,,,,,,,,,,,,,,,
,Aug,21-24,28,MORI,TT,28.0,0.0,52.0,-1.0,14.0,0.0,-24.0,1.0,,,,,,,,,,,,,,,,,,,,,
,Aug,26-3,4,Gallup,DT,28.0,0.0,54.0,1.0,12.0,-1.0,-26.0,-1.0,,,,,,,,,,,,,,,,,,,,,
,Aug,29/7-25/8,,G9000,DT,28.0,0.2,54.9,1.0,12.0,-0.7,-26.9,-0.8,,,,29.0,57.0,-28.0,67.0,30.0,37.0,,,,,12.8,55.2,18.3,,54.4,38.1,16.3,Are you satisfied or dissatisfied with the Government's record to date?
,Sep,4-6,9,ICM,GU,29.0,-2.0,49.0,2.0,17.0,0.0,-20.0,-4.0,,,,,,,,,,,,,,,,,,,,,
,Sep,18-21,24,MORI,TT,24.0,-4.0,56.0,4.0,15.0,1.0,-32.0,-8.0,,,,,,,,,,,,,,,,,,,,,
,Sep,24-30,7,Gallup,DT,23.0,-5.0,57.0,3.0,15.0,3.0,-34.0,-8.0,,,,,,,,,,,,,,,,,,,,,
,Sep,26/8-23/9,,G9000,DT,28.0,0.0,54.1,-0.8,12.6,0.6,-26.1,0.8,,,,28.0,55.0,-27.0,68.0,27.0,41.0,,,,,12.4,55.0,17.3,,53.3,35.8,17.5,Are you satisfied or dissatisfied with the Government's record to date?
,Oct,1-4,6,ICM,GU,29.0,0.0,51.0,2.0,15.0,-2.0,-22.0,-2.0,,,,,,,,,,,,,,,,,,,,,
,Oct,23-26,29,MORI,TT,26.0,2.0,53.0,-3.0,16.0,1.0,-27.0,5.0,,,,,,,,,,,,,,,,,,,,,
,Oct,29-4,6,Gallup,DT,28.0,5.0,54.0,3.0,14.0,-1.0,-26.0,8.0,,,,,,,,,,,,,,,,,,,,,
,Oct,24/9-28/10,,G9000,DT,25.3,-2.7,56.5,2.4,13.0,0.4,-31.2,-5.1,,,,32.0,56.0,-24.0,67.0,29.0,38.0,,,,,12.4,57.4,17.0,,55.6,35.6,20.0,Are you satisfied or dissatisfied with the Government's record to date?
,Nov,6-7,10,ICM,GU,27.0,-2.0,51.0,0.0,17.0,2.0,-24.0,-2.0,,,,,,,,,,,,,,,,,,,,,
,Nov,20-23,26,MORI,TT,29.0,3.0,53.0,0.0,13.0,-3.0,-24.0,3.0,,,,,,,,,,,,,,,,,,,,,
,Nov,26-2,4,Gallup,DT,29.0,1.0,55.0,1.0,11.0,-3.0,-26.0,0.0,,,,,,,,,,,,,,,,,,,,,
,Nov,29/10-25/11,,G9000,DT,27.2,1.9,54.3,-2.2,13.1,0.1,-27.1,4.1,,,,33.0,54.0,-21.0,65.0,30.0,35.0,,,,,12.7,57.4,17.5,,54.7,36.2,18.5,Are you satisfied or dissatisfied with the Government's record to date?
,Dec,4-7,9,ICM,GU,29.0,2.0,49.0,-2.0,16.0,-1.0,-20.0,4.0,,,,,,,,,,,,,,,,,,,,,
,Dec,9-15,,NOP,ES,27.0,,55.0,,12.0,,-28.0,,,,,,,,,,,,,,,,,,,,,,
,Dec,11-14,17,MORI,TT,27.0,-2.0,54.0,1.0,12.0,-1.0,-27.0,-3.0,,,,,,,,,,,,,,,,,,,,,
,Dec,30-3,5,ICM,GU,30.0,1.0,50.0,1.0,15.0,-1.0,-20.0,0.0,,,,,,,,,,,,,,,,,,,,,
,Dec,26/11-22/12,,G9000,DT,27.1,-0.1,55.5,1.2,12.3,-0.8,-28.4,-1.3,,,,33.0,56.0,-23.0,66.0,29.0,37.0,,,,,12.9,55.7,15.9,,53.2,36.0,17.2,Are you satisfied or dissatisfied with the Government's record to date?
1999,Jan,4-6,8,Gallup,DT,29.0,0.0,52.0,-3.0,13.0,2.0,-23.0,3.0,,,,,,,,,,,,,,,,,,,,,
,Jan,5-6,8,NOP,DE,24.0,-3.0,48.0,-7.0,19.0,7.0,-24.0,4.0,,,,,,,,,,,,,,,,,,,,,
,Jan,6-12,13,NOP,ES,25.0,1.0,57.0,9.0,12.0,-7.0,-32.0,-8.0,,,,,,,,,,,,,,,,,,,,,
,Jan,22-25,28,MORI,TT,24.0,-3.0,56.0,2.0,14.0,2.0,-32.0,-5.0,,,,,,,,,,,,,,,,,,,,,
,Jan,28-3,5,Gallup,DT,29.0,0.0,53.0,1.0,13.0,0.0,-24.0,-1.0,,,,,,,,,,,,,,,,,,,,,
,Jan,4-27,,G9000,DT,27.8,0.7,53.7,-1.8,13.1,0.8,-25.9,2.5,,,,31.0,56.0,-25.0,65.0,30.0,35.0,,,,,13.4,54.5,17.4,,51.8,39.0,12.8,Are you satisfied or dissatisfied with the Government's record to date?
,Feb,5-7,9,ICM,GU,28.0,-2.0,49.0,-1.0,16.0,1.0,-21.0,-1.0,,,,,,,,,,,,,,,,,,,,,
,Feb,19-22,26,MORI,TT,30.0,6.0,51.0,-5.0,14.0,0.0,-21.0,11.0,,,,,,,,,,,,,,,,,,,,,
,Feb,26-4,5,Gallup,DT,30.0,1.0,52.0,-1.0,11.0,-2.0,-22.0,2.0,,,,,,,,,,,,,,,,,,,,,
,Feb,28/1-25/2,,G9000,DT,27.5,-0.3,53.9,0.2,13.6,0.5,-26.4,-0.5,,,,28.0,60.0,-32.0,63.0,34.0,29.0,,,,,11.8,52.6,18.2,,50.3,37.3,13.0,Are you satisfied or dissatisfied with the Government's record to date?
,Mar,5-7,11,ICM,GU,29.0,1.0,52.0,3.0,16.0,0.0,-23.0,-2.0,,,,,,,,,,,,,,,,,,,,,
,Mar,19-22,24,MORI,TT,27.0,-3.0,54.0,3.0,13.0,-1.0,-27.0,-6.0,,,,,,,,,,,,,,,,,,,,,
,Mar,30-7,9,Gallup,DT,27.0,-3.0,54.0,2.0,13.0,2.0,-27.0,-5.0,,,,,,,,,,,,,,,,,,,,,
,Mar,28/2-30/3,,G9000,DT,28.5,1.0,53.3,-0.6,12.8,-0.8,-24.8,1.6,,,,32.0,56.0,-24.0,67.0,28.0,39.0,,,,,12.7,51.1,19.5,,50.3,37.1,13.2,Are you satisfied or dissatisfied with the Government's record to date?
,Apr,16-17,21,ICM,GU,28.0,-1.0,50.0,-2.0,17.0,1.0,-22.0,1.0,,,,,,,,,,,,,,,,,,,,,
,Apr,21-28,30,Gallup,DT,29.0,2.0,52.0,-2.0,13.0,0.0,-23.0,4.0,,,,,,,,,,,,,,,,,,,,,
,Apr,23-26,29,MORI,TT,25.0,-2.0,56.0,2.0,13.0,0.0,-31.0,-4.0,,,,,,,,,,,,,,,,,,,,,
,Apr,28-30,2,NOP,SE,28.0,3.0,55.0,-2.0,11.0,-1.0,-27.0,5.0,,,,,,,,,,,,,,,,,,,,,
,Apr,30-1,2,MORI,MoS,30.0,,50.0,,14.0,,-20.0,,Phone,,,,,,,,,,,,,,,,,,,,
,Apr,30/3-21/4,,G9000,DT,26.1,-2.4,55.4,2.1,12.9,0.1,-29.3,-4.5,,,,32.0,58.0,-26.0,66.0,31.0,35.0,,,,,12.9,56.4,19.3,,56.5,35.7,20.8,Are you satisfied or dissatisfied with the Government's record to date?
,May,7-8,11,ICM,GU,28.0,0.0,51.0,1.0,16.0,-1.0,-23.0,-1.0,,,,,,,,,,,,,,,,,,,,,
,May,7-8,11,ICM,GU,28.0,0.0,51.0,1.0,16.0,-1.0,-23.0,-1.0,,,,,,,,,,,,,,,,,,,,,
,May,15-20,,MORI,UKIP,25.0,0.0,52.0,-4.0,17.0,4.0,-27.0,4.0,,,,,,,,,,,,,,,,,,,,,
,May,21-24,26,MORI,TT,28.0,3.0,52.0,-4.0,14.0,1.0,-24.0,-7.0,,,,,,,,,,,,,,,,,,,,,
,May,26-2,4,Gallup,DT,24.0,-5.0,52.0,0.0,16.0,3.0,-28.0,-5.0,,,,,,,,,,,,,,,,,,,,,
,May,21/4-25/5,,G9000,DT,26.7,0.6,53.6,-1.8,13.8,0.9,-26.9,2.4,,,,26.0,62.0,-36.0,65.0,31.0,34.0,,,,,12.2,56.6,19.4,,56.5,36.3,20.2,Are you satisfied or dissatisfied with the Government's record to date?
,Jun,4-5,8,ICM,GU,29.0,1.0,46.0,-5.0,19.0,3.0,-17.0,6.0,,,,,,,,,,,,,,,,,,,,,
,Jun,18-21,24,MORI,TT,28.0,3.0,51.0,-1.0,13.0,-4.0,-23.0,4.0,,,,,,,,,,,,,,,,,,,,,
,Jun,23-30,,Gallup,DT,27.0,3.0,51.0,-1.0,14.0,-2.0,-24.0,4.0,,,,,,,,,,,,,,,,,,,,,
,Jun,26/5-23/6,,G9000,DT,26.7,0.0,50.2,-3.4,15.2,1.4,-23.5,3.4,,,,32.0,54.0,-22.0,62.0,32.0,30.0,,,,,11.1,52.4,20.7,,51.6,37.2,14.4,Are you satisfied or dissatisfied with the Government's record to date?
,Jul,9-11,13,ICM,GU,31.0,2.0,48.0,2.0,16.0,-3.0,-17.0,0.0,,,,,,,,,,,,,,,,,,,,,
,Jul,23-26,28,MORI,TT,28.0,0.0,51.0,0.0,14.0,1.0,-23.0,0.0,,,,,,,,,,,,,,,,,,,,,
,Jul,28-4,6,Gallup,DT,30.0,3.0,51.0,0.0,12.0,-2.0,-21.0,3.0,,,,,,,,,,,,,,,,,,,,,
,Jul,23/6-27/7,,G9000,DT,27.6,0.9,51.5,1.3,14.0,-1.2,-23.9,-0.4,,,,32.0,55.0,-23.0,66.0,32.0,34.0,,,,,13.4,54.1,18.9,,52.9,38.5,14.4,Are you satisfied or dissatisfied with the Government's record to date?
,Aug,13-14,18,ICM,GU,30.0,-1.0,48.0,0.0,16.0,0.0,-18.0,-1.0,,,,,,,,,,,,,,,,,,,,,
,Aug,20-23,26,MORI,TT,27.0,-1.0,49.0,-2.0,17.0,3.0,-22.0,1.0,,,,,,,,,,,,,,,,,,,,,
,Aug,25-1,3,Gallup,DT,27.0,-3.0,52.0,1.0,13.0,1.0,-25.0,-4.0,,,,,,,,,,,,,,,,,,,,,
,Aug,28/7-24/8,,G9000,DT,27.7,0.1,51.6,0.1,14.4,0.4,-23.9,0.0,,,,27.0,62.0,-35.0,64.0,33.0,31.0,,,,,13.0,59.0,13.0,,53.0,40.7,12.3,Are you satisfied or dissatisfied with the Government's record to date?
,Sep,9-11,,MORI,,32.0,,49.0,,13.0,,-17.0,,Phone,,,,,,,,,,,,,,,,,,,,
,Sep,9-11,12,MORI,MoS,32.0,5.0,49.0,0.0,13.0,-4.0,-17.0,5.0,,,,,,,,,,,,,,,,,,,,,
,Sep,17-19,27,ICM,GU,32.0,2.0,45.0,-3.0,16.0,0.0,-13.0,5.0,,,,,,,,,,,,,,,,,,,,,
,Sep,21-22,26,ICM,OB,32.0,0.0,47.0,2.0,16.0,0.0,-15.0,-2.0,,,,,,,,,,,,,,,,,,,,,
,Sep,23-29,4,Gallup,DT,29.0,2.0,52.0,0.0,13.0,0.0,-23.0,2.0,,,,,,,,,,,,,,,,,,,,,
,Sep,24-27,30,MORI,TT,25.0,-7.0,52.0,3.0,17.0,4.0,-27.0,-10.0,,,,,,,,,,,,,,,,,,,,,
,Sep,25/8-22/9,,G9000,DT,27.6,-0.1,52.8,1.2,13.3,-1.1,-25.2,-1.3,,,,29.0,60.0,-31.0,65.0,32.0,33.0,51.0,15.0,36.0,,14.7,57.3,13.8,,51.8,42.4,9.4,Are you satisfied or dissatisfied with the Government's record to date?
,Oct,13-14,15,MORI,Sun,31.0,-1.0,52.0,3.0,13.0,0.0,-21.0,-4.0,Phone,,,,,,,,,,,,,,,,,,,,
,Oct,22-25,29,MORI,TT,28.0,3.0,56.0,4.0,11.0,-6.0,-28.0,-1.0,,,,,,,,,,,,,,,,,,,,,
,Oct,22-26,27,ICM,GU,32.0,0.0,45.0,-2.0,17.0,1.0,-13.0,2.0,,,,,,,,,,,,,,,,,,,,,
,Oct,27-2,5,Gallup,DT,28.0,-1.0,52.0,0.0,14.0,1.0,-24.0,-1.0,,,,,,,,,,,,,,,,,,,,,
,Oct,23/9-26/10,,G9000,DT,27.6,0.0,53.2,0.4,12.7,-0.6,-25.6,-0.4,,,,36.0,57.0,-21.0,63.0,34.0,29.0,54.0,15.0,39.0,,15.9,57.4,11.4,,52.9,39.9,13.0,Are you satisfied or dissatisfied with the Government's record to date?
,Nov,8-10,11,MORI,DM,32.0,1.0,50.0,-2.0,12.0,-1.0,-18.0,3.0,Phone,,,,,,,,,,,,,,,,,,,,
,Nov,12-14,17,ICM,GU,34.0,2.0,44.0,-1.0,15.0,-2.0,-10.0,3.0,,,,,,,,,,,,,,,,,,,,,
,Nov,19-22,25,MORI,TT,25.0,-3.0,55.0,-1.0,14.0,3.0,-30.0,-2.0,,,,,,,,,,,,,,,,,,,,,
,Nov,25-1,3,Gallup,DT,27.0,-1.0,53.0,1.0,15.0,1.0,-26.0,-2.0,,,,,,,,,,,,,,,,,,,,,
,Nov,27/10-25/11,,G9000,DT,27.4,-0.2,52.8,-0.4,14.3,1.6,-25.4,0.2,,,,32.0,54.0,-22.0,61.0,33.0,28.0,58.0,18.0,40.0,,16.5,56.5,11.5,,51.3,41.5,9.8,Are you satisfied or dissatisfied with the Government's record to date?
,Dec,10-12,14,ICM,GU,29.0,-5.0,48.0,4.0,17.0,2.0,-19.0,-9.0,,,,,,,,,,,,,,,,,,,,,
,Dec,10-14,16,MORI,TT,28.0,3.0,54.0,-1.0,13.0,-1.0,-26.0,4.0,,,,,,,,,,,,,,,,,,,,,
,Dec,25/11-22/12,,G9000,DT,27.0,-0.4,54.2,1.4,13.3,-1.0,-27.2,-1.8,,,,,,,,,,,,,,14.5,57.2,10.5,,52.1,39.8,12.3,Are you satisfied or dissatisfied with the Government's record to date?
2000,Jan,5-12,14,Gallup,DT,30.0,3.0,53.0,0.0,12.0,-3.0,-23.0,3.0,,,,,,,,,,,,,,,,,,,,,
,Jan,14-17,19,ICM,GU,30.0,1.0,47.0,-1.0,17.0,0.0,-17.0,2.0,,,,,,,,,,,,,,,,,,,,,
,Jan,20-25,27,MORI,TT,30.0,2.0,50.0,-4.0,15.0,2.0,-20.0,6.0,,,,,,,,,,,,,,,,,,,,,
,Jan,25-27,29,MORI,DM,29.0,,49.0,,15.0,,-20.0,,Phone,,,,,,,,,,,,,,,,,,,,
,Jan,5-31,,G9000,DT,28.3,1.3,52.5,-1.7,13.5,0.2,-24.2,3.0,,,,25.0,62.0,-37.0,62.0,33.0,29.0,,,,,14.2,54.2,11.6,,49.1,42.4,6.7,Are you satisfied or dissatisfied with the Government's record to date?
,Feb,2-6,11,Gallup,DT,28.0,-2.0,49.0,-4.0,15.0,3.0,-21.0,2.0,,,,,,,,,,,,,,,,,,,,,
,Feb,11-13,14,ICM,GU,29.0,-1.0,44.0,-3.0,18.0,1.0,-15.0,2.0,,,,,,,,,,,,,,,,,,,,,
,Feb,17-22,24,MORI,TT,29.0,-1.0,50.0,0.0,15.0,0.0,-21.0,-1.0,,,,,,,,,,,,,,,,,,,,,
,Feb,2-29,,G9000,DT,29.1,0.8,51.3,-1.2,12.9,-0.6,-22.2,2.0,,,,30.0,60.0,-30.0,55.0,42.0,13.0,43.0,24.0,19.0,,16.0,53.9,12.5,,47.0,46.5,0.5,Are you satisfied or dissatisfied with the Government's record to date?
,Mar,1-7,10,Gallup,DT,31.0,3.0,51.0,2.0,11.0,-4.0,-20.0,1.0,,,,,,,,,,,,,,,,,,,,,
,Mar,17-19,20,ICM,GU,32.0,3.0,44.0,0.0,16.0,-2.0,-12.0,3.0,,,,,,,,,,,,,,,,,,,,,
,Mar,23-28,31,MORI,TT,29.0,0.0,50.0,0.0,14.0,-1.0,-21.0,0.0,,,,,,,,,,,,,,,,,,,,,
,Mar,1-31,,G9000,DT,29.8,0.7,50.9,-0.4,12.7,-0.2,-21.1,1.1,,,,30.0,60.0,-30.0,54.0,43.0,11.0,45.0,26.0,19.0,,18.0,52.8,12.1,,44.8,47.6,-2.8,Are you satisfied or dissatisfied with the Government's record to date?
,Apr,5-11,14,Gallup,DT,32.0,1.0,50.0,-1.0,12.0,1.0,-18.0,2.0,,,,,,,,,,,,,,,,,,,,,
,Apr,13-18,19,MORI,TT,27.0,-2.0,51.0,1.0,15.0,1.0,-24.0,-3.0,,,,,,,,,,,,,,,,,,,,,
,Apr,14-15,19,ICM,GU,32.0,0.0,45.0,1.0,15.0,-1.0,-13.0,-1.0,,,,,,,,,,,,,,,,,,,,,
,Apr,1/4-2/5,,G9000,DT,30.4,0.6,49.5,-1.4,13.1,0.4,-19.1,2.0,,,,28.0,53.0,-25.0,54.0,42.0,12.0,45.0,24.0,21.0,,18.2,50.6,12.2,,44.2,46.8,-2.6,Are you satisfied or dissatisfied with the Government's record to date?
,May,3-9,12,Gallup,DT,31.0,-1.0,47.0,-3.0,14.0,2.0,-16.0,2.0,,,,,,,,,,,,,,,,,,,,,
,May,6-7,,ICM,Con,35.0,3.0,43.0,-2.0,15.0,0.0,-8.0,5.0,,,,,,,,,,,,,,,,,,,,,
,May,13-15,16,ICM,GU,34.0,-1.0,41.0,-2.0,18.0,3.0,-7.0,1.0,,,,,,,,,,,,,,,,,,,,,
,May,17-19,19?,MORI,DM,33.0,,46.0,,14.0,,-13.0,,Phone,,,,,,,,,,,,,,,,,,,,
,May,18-23,25,MORI,TT,32.0,5.0,48.0,-3.0,15.0,0.0,-16.0,8.0,,,,,,,,,,,,,,,,,,,,,
,May,31-6,9,Gallup,DT,30.0,-1.0,49.0,2.0,15.0,1.0,-19.0,-3.0,,,,,,,,,,,,,,,,,,,,,
,May,3-31,,G9000,DT,32.5,2.1,47.3,-2.2,13.4,0.3,-14.8,4.3,,,,33.0,54.0,-21.0,52.0,44.0,8.0,47.0,20.0,27.0,,17.5,46.6,12.2,,39.4,47.9,-8.5,Are you satisfied or dissatisfied with the Government's record to date?
,Jun,8-9,11,MORI,MoS,38.0,5.0,41.0,-5.0,16.0,2.0,-3.0,10.0,Phone,,,,,,,,,,,,,,,,,,,,
,Jun,22-23,25,MORI,NoW,34.0,-4.0,47.0,6.0,14.0,-2.0,-13.0,-10.0,Phone,,,,,,,,,,,,,,,,,,,,
,Jun,22-27,29,MORI,TT,33.0,1.0,47.0,-1.0,13.0,-2.0,-14.0,2.0,,,,,,,,,,,,,,,,,,,,,
,Jun,23-26,28,ICM,GU,32.0,-2.0,43.0,2.0,17.0,-1.0,-11.0,4.0,,,,,,,,,,,,,,,,,,,,,
,Jun,29-30,2,MORI,MoS,32.0,-2.0,46.0,-1.0,17.0,3.0,-14.0,-1.0,Phone,,,,,,,,,,,,,,,,,,,,
,Jun,31/5-4/7,,G9000,DT,31.7,-0.8,46.7,-0.6,15.2,1.8,-15.0,-0.2,,,,36.0,52.0,-16.0,55.0,40.0,15.0,42.0,22.0,20.0,,20.2,45.4,12.2,,38.4,49.6,-11.2,Are you satisfied or dissatisfied with the Government's record to date?
,Jul,5-11,14,Gallup,DT,35.0,5.0,45.0,-4.0,14.0,-1.0,-10.0,9.0,,,,,,,,,,,,,,,,,,,,,
,Jul,12-14,16,MORI,MoS,32.0,0.0,47.0,1.0,15.0,-2.0,-15.0,-1.0,Phone,,,,,,,,,,,,,,,,,,,,
,Jul,14-15,18,ICM,GU,35.0,3.0,42.0,-1.0,17.0,0.0,-7.0,4.0,,,,,,,,,,,,,,,,,,,,,
,Jul,20-22,23,MORI,MoS,32.0,0.0,51.0,4.0,11.0,-4.0,-19.0,-5.0,Phone,,,,,,,,,,,,,,,,,,,,
,Jul,20-24,28,MORI,TT,33.0,0.0,49.0,2.0,12.0,-1.0,-16.0,-2.0,,,,,,,,,,,,,,,,,,,,,
,Jul,5-31,,G9000,DT,32.0,0.3,48.9,2.2,12.7,-2.5,-16.9,-1.9,,,,38.0,48.0,-10.0,47.0,49.0,-2.0,41.0,21.0,20.0,,21.7,48.5,12.7,,42.2,51.8,-9.6,Are you satisfied or dissatisfied with the Government's record to date?
,Aug,2-7,11,Gallup,DT,32.0,-3.0,47.0,2.0,14.0,0.0,-15.0,-5.0,,,,,,,,,,,,,,,,,,,,,
,Aug,11-13,16,ICM,GU,34.0,-1.0,44.0,2.0,17.0,0.0,-10.0,-3.0,,,,,,,,,,,,,,,,,,,,,
,Aug,17-18,20,MORI,NoW,32.0,0.0,51.0,0.0,12.0,1.0,-19.0,0.0,Phone,,,,,,,,,,,,,,,,,,,,
,Aug,17-21,24,MORI,TT,29.0,-4.0,51.0,2.0,15.0,3.0,-22.0,-6.0,,,,,,,,,,,,,,,,,,,,,
,Aug,31-6,,MORI,,32.0,3.0,48.0,-3.0,13.0,-2.0,-16.0,6.0,,,,,,,,,,,,,,,,,,,,,
,Aug,2/8-7/9,,G9000,DT,29.7,-2.3,50.6,1.7,13.3,0.6,-20.9,-4.0,,,,37.0,51.0,-14.0,52.0,45.0,7.0,47.0,24.0,23.0,,20.4,51.1,13.7,,45.5,47.6,-2.1,Are you satisfied or dissatisfied with the Government's record to date?
,Sep,6-12,,MFS,,30.0,-2.0,45.0,-3.0,17.0,4.0,-15.0,1.0,,,,,,,,,,,,,,,,,,,,,
,Sep,6-12,,MORI,,30.0,-2.0,45.0,-3.0,17.0,4.0,-15.0,1.0,,,,,,,,,,,,,,,,,,,,,
,Sep,6-12,15,Gallup,DT,32.0,0.0,45.0,-2.0,16.0,2.0,-13.0,2.0,,,,,,,,,,,,,,,,,,,,,
,Sep,13-19,21,Gallup,DT,40.0,8.0,35.0,-10.0,16.0,0.0,5.0,18.0,,,,,,,,,,,,,,,,,,,,,
,Sep,14-15,17,MORI,NoW,38.0,6.0,36.0,-15.0,21.0,9.0,2.0,21.0,Phone,,,,,,,,,,,,,,,,,,,,
,Sep,14-16,17,NOP,ST,37.0,,37.0,,18.0,,0.0,,,,,,,,,,,,,,,,,,,,,,
,Sep,14-19,,MORI,,37.0,7.0,36.0,-9.0,19.0,2.0,1.0,16.0,,,,,,,,,,,,,,,,,,,,,
,Sep,14-19,25,MFS,Schroder Salomon Smith Barney,36.0,,36.0,,21.0,,0.0,,F2F,,,,,,,,,,,,,,,,,,,,
,Sep,15-17,19,ICM,GU,38.0,4.0,34.0,-10.0,22.0,5.0,4.0,14.0,,,,,,,,,,,,,,,,,,,,,
,Sep,20-26,2,Gallup,DT,36.0,-4.0,39.0,4.0,20.0,4.0,-3.0,-8.0,,,,,,,,,,,,,,,,,,,,,
,Sep,21-22,24,MORI,MoS,39.0,1.0,35.0,-1.0,21.0,0.0,4.0,2.0,Phone,,,,,,,,,,,,,,,,,,,,
,Sep,21-23,23,NOP,C4,40.0,3.0,32.0,-5.0,22.0,4.0,8.0,8.0,,,,,,,,,,,,,,,,,,,,,
,Sep,21-26,28,MORI,TT,35.0,-2.0,37.0,1.0,21.0,2.0,-2.0,-3.0,,,,,,,,,,,,,,,,,,,,,
,Sep,28-29,1,NOP,SE,37.0,-3.0,43.0,11.0,13.0,-9.0,-6.0,-14.0,,,,,,,,,,,,,,,,,,,,,
,Sep,29-30,1,ICM,NoW,37.0,-1.0,38.0,4.0,20.0,-2.0,-1.0,-5.0,,,,,,,,,,,,,,,,,,,,,
,Sep,29-30,2,MORI,Sun,36.0,-3.0,43.0,8.0,16.0,-5.0,-7.0,-11.0,Phone,,,,,,,,,,,,,,,,,,,,
,Sep,7-28,,G9000,DT,35.5,5.8,40.6,-10.0,17.0,3.7,-5.1,15.8,,,,34.0,55.0,-21.0,45.0,52.0,-7.0,47.0,22.0,25.0,,24.1,39.1,18.7,,34.5,60.9,-26.4,Are you satisfied or dissatisfied with the Government's record to date?
,Oct,11-13,15,NOP,ST,35.0,-2.0,42.0,-1.0,17.0,4.0,-7.0,-1.0,,,,,,,,,,,,,,,,,,,,,
,Oct,13-14,15,MORI,MoS,38.0,2.0,40.0,-3.0,19.0,3.0,-2.0,5.0,Phone,,,,,,,,,,,,,,,,,,,,
,Oct,13-16,17,ICM,GU,35.0,-2.0,40.0,2.0,19.0,-1.0,-5.0,-4.0,,,,,,,,,,,,,,,,,,,,,
,Oct,19-23,26,MORI,TT,32.0,-3.0,45.0,8.0,17.0,-4.0,-13.0,-11.0,,,,,,,,,,,,,,,,,,,,,
,Oct,29/9-31/10,,G9000,DT,34.8,-0.7,44.1,3.5,14.7,-2.3,-9.3,-4.2,,,,34.0,56.0,-22.0,38.0,59.0,-21.0,55.0,20.0,35.0,,24.0,42.5,16.7,,36.7,57.3,-20.6,Are you satisfied or dissatisfied with the Government's record to date?
,Nov,1-7,11,Gallup,DT,34.0,-2.0,45.0,6.0,14.0,-6.0,-11.0,-8.0,,,,,,,,,,,,,,,,,,,,,
,Nov,2-3,5,MORI,MoS,34.0,-4.0,42.0,2.0,17.0,-2.0,-8.0,-6.0,Phone,,,,,,,,,,,,,,,,,,,,
,Nov,3-5,7,ICM,GU,34.0,-1.0,40.0,0.0,20.0,1.0,-6.0,-1.0,,,,,,,,,,,,,,,,,,,,,
,Nov,23-28,30,MORI,TT,33.0,1.0,48.0,3.0,13.0,-4.0,-15.0,-2.0,,,,,,,,,,,,,,,,,,,,,
,Nov,24-25,26,MORI,MoS,34.0,1.0,47.0,-1.0,13.0,0.0,-13.0,2.0,,,,,,,,,,,,,,,,,,,,,
,Nov,1-30,,G9000,DT,33.3,-1.5,46.4,2.3,14.1,-0.6,-13.1,-3.8,,,,37.0,52.0,-15.0,45.0,51.0,-6.0,46.0,23.0,23.0,,23.7,43.4,14.6,,39.2,53.3,-14.1,Are you satisfied or dissatisfied with the Government's record to date?
,Dec,1-3,5,ICM,GU,34.0,0.0,44.0,4.0,16.0,-4.0,-10.0,-4.0,,,,,,,,,,,,,,,,,,,,,
,Dec,6-13,15,Gallup,DT,32.0,-2.0,47.0,2.0,14.0,0.0,-15.0,-4.0,,,,,,,,,,,,,,,,,,,,,
,Dec,7-12,15,MORI,TT,34.0,0.0,46.0,-1.0,14.0,1.0,-12.0,1.0,,,,,,,,,,,,,,,,,,,,,
,Dec,13-15,17,MORI,NoW,32.0,-2.0,47.0,5.0,16.0,-1.0,-15.0,-7.0,Phone,,,,,,,,,,,,,,,,,,,,
,Dec,30/11-10/1,,G9000,DT,32.7,-0.6,47.3,0.9,13.8,-0.3,-14.6,-1.5,,,,37.0,56.0,-19.0,49.0,48.0,1.0,51.0,21.0,30.0,,22.0,47.3,13.4,,43.8,48.1,-4.3,Are you satisfied or dissatisfied with the Government's record to date?
2001,Jan,4-6,7,MORI,MoS,35.0,3.0,46.0,-1.0,14.0,-2.0,-11.0,4.0,Phone,,,,,,,,,,,,,,,,,,,,
,Jan,10-16,19,Gallup,DT,31.0,-1.0,51.0,4.0,13.0,-1.0,-20.0,-5.0,,,,,,,,,,,,,,,,,,,,,
,Jan,11-12,14,NOP,ST,33.0,-2.0,48.0,6.0,14.0,-3.0,-15.0,-8.0,,,,,,,,,,,,,,,,,,,,,
,Jan,11-13,14,MORI,STel,31.0,-4.0,52.0,6.0,11.0,-3.0,-21.0,-10.0,Phone,,,,,,,,,,,,,,,,,,,,
,Jan,18-22,26,MORI ,TT,31.0,-3.0,50.0,4.0,14.0,0.0,-19.0,-7.0,,,,,,,,,,,,,,,,,,,,,
,Jan,19-21,23,ICM,GU,34.0,0.0,44.0,0.0,16.0,0.0,-10.0,0.0,,,,,,,,,,,,,,,,,,,,,
,Jan,25-26,28,MORI,MoS,31.0,0.0,49.0,-3.0,14.0,3.0,-18.0,3.0,Phone,,,,,,,,,,,,,,,,,,,,
,Jan,31-7,9,Gallup,DT,29.0,-2.0,50.0,-1.0,17.0,4.0,-21.0,-1.0,,,,,,,,,,,,,,,,,,,,,
,Jan,,,G9000,DT,30.0,-2.7,50.1,2.8,13.8,0.0,-20.1,-5.5,,,,,,,,,,,,,,18.6,48.5,12.6,,44.2,46.3,-2.1,Are you satisfied or dissatisfied with the Government's record to date?
,Feb,1-5,,MORI,LibDem,31.0,0.0,49.0,-1.0,13.0,-1.0,-18.0,1.0,,,,,,,,,,,,,,,,,,,,,
,Feb,,11,ORB,STel,30.0,,53.0,,12.0,,-23.0,,,,,,,,,,,,,,,,,,,,,,
,Feb,16-18,20,ICM,GU,32.0,-2.0,47.0,3.0,15.0,-1.0,-15.0,-5.0,,,,,,,,,,,,,,,,,,,,,
,Feb,15-20,22,MORI,TT,30.0,-1.0,50.0,1.0,14.0,1.0,-20.0,-2.0,,,,,,,,,,,,,,,,,,,,,
,Feb,,,G9000,DT,30.4,0.4,50.7,0.6,13.4,-0.4,-20.3,-0.2,,,,,,,,,,,,,,21.6,46.8,12.9,,44.4,46.4,-2.0,Are you satisfied or dissatisfied with the Government's record to date?
,Mar,7-13,16,Gallup,DT,29.0,0.0,55.0,5.0,12.0,-5.0,-26.0,-5.0,,,,,,,,,,,,,,,,,,,,,
,Mar,15-16,18,NOP,ST,31.0,-2.0,51.0,3.0,13.0,-1.0,-20.0,-5.0,,,,,,,,,,,,,,,,,,,,,
,Mar,16-18,21,ICM,GU,35.0,3.0,44.0,-3.0,,,-9.0,6.0,,,,,,,,,,,,,,,,,,,,,
,Mar,22-27,29,MORI,TT,31.0,1.0,50.0,0.0,14.0,0.0,-19.0,1.0,,,,,,,,,,,,,,,,,,,,,
,Mar,30-31,1,MORI,STel,32.0,1.0,48.0,-1.0,15.0,1.0,-16.0,2.0,Phone,,,,,,,,,,,,,,,,,,,,
,Mar,29-30,3,ICM,GU,34.0,-1.0,49.0,5.0,13.0,-3.0,-15.0,-6.0,,,,,,,,,,,,,,,,,,,,,
,Mar,31-4,5,NOP,Powerhouse/ITV,30.0,,52.0,,12.0,,-22.0,,,,,,,,,,,,,,,,,,,,,,
,Mar,,,G9000,DT,29.5,-0.9,51.9,1.2,13.4,0.0,-22.4,-2.1,,,,32.0,,,,,,54.0,21.0,33.0,,18.1,50.8,13.2,,50.1,42.9,7.2,Are you satisfied or dissatisfied with the Government's record to date?
,Apr,4-10,13,Gallup,DT,27.0,-2.0,53.0,-2.0,15.0,3.0,-26.0,0.0,,,,,,,,,,,,,,,,,,,,,
,Apr,10-12,13,MORI,DM,29.0,-3.0,53.0,5.0,12.0,-3.0,-24.0,-8.0,Phone,,,,,,,,,,,,,,,,,,,,
,Apr,20-22,24,ICM,GU,33.0,-1.0,47.0,-2.0,14.0,1.0,-14.0,1.0,,,,,,,,,,,,,,,,,,,,,
,Apr,19-24,26,MORI,TT,30.0,-1.0,50.0,0.0,13.0,-1.0,-20.0,-1.0,,,,,,,,,,,,,,,,,,,,,
,Apr,26-2,3,NOP,Powerhouse/ITV,29.0,-1.0,51.0,-1.0,13.0,1.0,-22.0,0.0,,,,,,,,,,,,,,,,,,,,,
,Apr,30-1,2,MORI,Sun,32.0,3.0,50.0,-3.0,13.0,1.0,-18.0,6.0,Phone,,,,,,,,,,,,,,,,,,,,
,May,1-6,8,NOP,Powerhouse/ITV,34.0,5.0,49.0,-2.0,11.0,-2.0,-15.0,7.0,,,,,,,,,,,,,,,,,,,,,
,May,2-8,10,Gallup,DT,32.0,5.0,49.0,-4.0,13.0,-2.0,-17.0,9.0,,,,,,,,,,,,,,,,,,,,,
,May,4-7,9,NOP,Express,31.0,-3.0,51.0,2.0,13.0,2.0,-20.0,-5.0,,,,,,,,,,,,,,,,,,,,,
,May,8,10,MORI,TT,30.0,0.0,54.0,4.0,13.0,0.0,-24.0,-4.0,,,,,,,,,,,,,,,,,,,,,
,May,10-11,13,ICM,OB,32.0,-1.0,48.0,1.0,16.0,2.0,-16.0,-2.0,,,,,,,,,,,,,,,,,,,,,
,May,10-11,13,NOP,ST,32.0,1.0,49.0,-2.0,13.0,0.0,-17.0,3.0,,,,,,,,,,,,,,,,,,,,,
,May,10-12,13,MORI,STel,31.0,-1.0,51.0,1.0,13.0,0.0,-20.0,-2.0,Phone,,,,,,,,,,,,,,,,,,,,
,May,10-14,18,MORI,Economist,26.0,-5.0,54.0,3.0,14.0,1.0,-28.0,-8.0,Phone,,,,,,,,,,,,,,,,,,,,
,May,11-13,14,ICM,ES,32.0,0.0,48.0,0.0,14.0,-2.0,-16.0,0.0,,,,,,,,,,,,,,,,,,,,,
,May,12-13,15,Rasmussen,Ind,32.0,,46.0,,13.0,,-14.0,,,,,,,,,,,,,,,,,,,,,,
,May,13-14,16,ICM,GU,31.0,-1.0,46.0,-2.0,16.0,2.0,-15.0,1.0,,,,,,,,,,,,,,,,,,,,,
,May,14-15,17,Gallup,DT,32.0,0.0,48.0,-1.0,13.0,0.0,-16.0,1.0,,,,,,,,,,,,,,,,,,,,,
,May,15,17,MORI,TT,28.0,-2.0,54.0,0.0,12.0,-1.0,-26.0,-2.0,,,,,,,,,,,,,,,,,,,,,
,May,17-18,19,NOP,ST,30.0,-2.0,49.0,0.0,14.0,1.0,-19.0,-2.0,,,,,,,,,,,,,,,,,,,,,
,May,19-21,23,ICM,GU,32.0,1.0,45.0,-1.0,17.0,1.0,-13.0,2.0,,,,,,,,,,,,,,,,,,,,,
,May,19-22,25,Rasmussen,Ind,33.0,1.0,44.0,-2.0,16.0,3.0,-11.0,3.0,,,,,,,,,,,,,,,,,,,,,
,May,21-23,24,Gallup,DT,32.0,0.0,48.0,0.0,15.0,2.0,-16.0,0.0,,,,,,,,,,,,,,,,,,,,,
,May,22,24,MORI,TT,30.0,2.0,55.0,1.0,11.0,-1.0,-25.0,1.0,,,,,,,,,,,,,,,,,,,,,
,May,24-25,27,NOP,ST,30.0,0.0,49.0,0.0,14.0,0.0,-19.0,0.0,,,,,,,,,,,,,,,,,,,,,
,May,26-27,29,Rasmussen,Ind,32.0,-1.0,44.0,0.0,17.0,1.0,-12.0,-1.0,,,,,,,,,,,,,,,,,,,,,
,May,26-28,30,ICM,GU,28.0,-4.0,46.0,1.0,17.0,0.0,-18.0,-5.0,,,,,,,,,,,,,,,,,,,,,
,May,28-29,1,Gallup,DT,31.0,-1.0,47.0,-1.0,16.0,1.0,-16.0,0.0,,,,,,,,,,,,,,,,,,,,,
,May,29,1,MORI,TT,30.0,0.0,48.0,-7.0,16.0,5.0,-18.0,7.0,,,,,,,,,,,,,,,,,,,,,
,May,30-31,1,ICM,C4,31.0,3.0,43.0,-3.0,19.0,2.0,-12.0,6.0,,,,,,,,,,,,,,,,,,,,,
,May,31-1,3,ICM,OB,34.0,3.0,46.0,3.0,15.0,-4.0,-12.0,0.0,,,,,,,,,,,,,,,,,,,,,
,May,31-1,3,NOP,ST,30.0,0.0,47.0,-2.0,16.0,2.0,-17.0,2.0,,,,,,,,,,,,,,,,,,,,,
,May,31-2,3,MORI,STel,27.0,1.0,50.0,-4.0,17.0,3.0,-23.0,5.0,Phone,,,,,,,,,,,,,,,,,,,,
,Jun,,3,YouGov,Sunday Bus,34.0,,45.0,,14.0,,-11.0,,,,,,,,,,,,,,,,,,,,,,
,Jun,2-3,4,ICM,ES,30.0,-4.0,47.0,1.0,18.0,3.0,-17.0,-5.0,,,,,,,,,,,,,,,,,,,,,
,Jun,2-3,5,Rasmussen,Ind,32.0,0.0,45.0,1.0,16.0,-1.0,-13.0,-1.0,,,,,,,,,,,,,,,,,,,,,
,Jun,2-4,6,ICM,GU,32.0,2.0,43.0,-4.0,19.0,1.0,-11.0,6.0,,,,,,,,,,,,,,,,,,,,,
,Jun,,,YouGov,,33.0,-1.0,43.0,-2.0,17.0,3.0,-10.0,1.0,,Press released,,,,,,,,,,,,,,,,,,,
,Jun,4-5,8,MORI,Economist,31.0,4.0,43.0,-7.0,,,-12.0,11.0,Phone,,,,,,,,,,,,,,,,,,,,
,Jun,5-6,7,MORI,TT,30.0,0.0,45.0,-3.0,18.0,2.0,-15.0,3.0,,,,,,,,,,,,,,,,,,,,,
,Jun,6,7,Gallup,DT,32.0,1.0,48.0,1.0,18.0,2.0,-16.0,0.0,,Revised based on late polling,,,,,,,,,,,,,,,,,,,
,,,,,,,,,,,,,,,,,,,,,,,,,,,,,,,,,,
,,Exit,,BBC,NOP,32.0,,44.0,,17.0,,-12.0,,,,,,,,,,,,,,,,,,,,,,
,,Exit,,ITN,MORI,31.0,,44.0,,19.0,,-13.0,,,,,,,,,,,,,,,,,,,,,,
,,,,,,,,,,,,,,,,,,,,,,,,,,,,,,,,,,
,,,7,Result,,32.7,,42.0,,18.8,,-9.3,,,,,,,,,,,,,,,,,,,,,,